{"cameraMode":{"drawMode":0,"name":"Shaded","section":"Shading Mode"},"sceneLighting":false,"audioPlay":false,"sceneViewState":{"showFog":true,"showMaterialUpdate":false,"showSkybox":false,"showFlares":true,"showImageEffects":true,"showParticleSystems":true},"in2DMode":false,"pivot":{"x":0.12134981155395508,"y":0.8044400215148926,"z":-0.14467239379882813},"rotation":{"x":-0.0020624203607439996,"y":-0.9913421273231506,"z":0.13042254745960236,"w":-0.015758678317070009},"size":3.549999713897705,"orthographic":false}