{"cameraMode":{"drawMode":0,"name":"Shaded","section":"Shading Mode"},"sceneLighting":false,"audioPlay":false,"sceneViewState":{"showFog":true,"showMaterialUpdate":false,"showSkybox":false,"showFlares":true,"showImageEffects":true,"showParticleSystems":true},"in2DMode":false,"pivot":{"x":-0.222624272108078,"y":-0.193086177110672,"z":-2.5344643592834474},"rotation":{"x":-0.07044913619756699,"y":-0.7930773496627808,"z":0.09346477687358856,"w":-0.5977789163589478},"size":8.13752269744873,"orthographic":false}