{"cameraMode":{"drawMode":0,"name":"Shaded","section":"Shading Mode"},"sceneLighting":true,"audioPlay":false,"sceneViewState":{"showFog":true,"showMaterialUpdate":false,"showSkybox":true,"showFlares":true,"showImageEffects":true,"showParticleSystems":true},"in2DMode":false,"pivot":{"x":5.40000057220459,"y":2.950000047683716,"z":4.76837158203125e-7},"rotation":{"x":-0.02578665129840374,"y":-0.03987829387187958,"z":0.00103040284011513,"w":-0.9988760352134705},"size":5.8582444190979,"orthographic":false}