{"cameraMode":{"drawMode":0,"name":"Shaded","section":"Shading Mode"},"sceneLighting":true,"audioPlay":false,"sceneViewState":{"showFog":true,"showMaterialUpdate":false,"showSkybox":true,"showFlares":true,"showImageEffects":true,"showParticleSystems":true},"in2DMode":false,"pivot":{"x":5.37772274017334,"y":3.260402202606201,"z":0.15519380569458009},"rotation":{"x":0.0671328604221344,"y":-0.014368891716003418,"z":-0.0009644014062359929,"w":-0.9976455569267273},"size":2.7584869861602785,"orthographic":false}