{"cameraMode":{"drawMode":0,"name":"Shaded","section":"Shading Mode"},"sceneLighting":false,"audioPlay":false,"sceneViewState":{"showFog":true,"showMaterialUpdate":false,"showSkybox":false,"showFlares":true,"showImageEffects":true,"showParticleSystems":true},"in2DMode":false,"pivot":{"x":-0.03309965133666992,"y":0.8720035552978516,"z":0.3784937858581543},"rotation":{"x":0.013614175841212273,"y":-0.7260143756866455,"z":0.014389384537935257,"w":0.6874226927757263},"size":2.4726340770721437,"orthographic":false}