{"cameraMode":{"drawMode":0,"name":"Shaded","section":"Shading Mode"},"sceneLighting":true,"audioPlay":false,"sceneViewState":{"showFog":true,"showMaterialUpdate":false,"showSkybox":true,"showFlares":true,"showImageEffects":true,"showParticleSystems":true},"in2DMode":false,"pivot":{"x":5.3728742599487309,"y":2.207488536834717,"z":0.5634469985961914},"rotation":{"x":-0.006673416122794151,"y":0.9923946261405945,"z":-0.06260375678539276,"w":-0.10579343885183335},"size":4.5163984298706059,"orthographic":false}