{"cameraMode":{"drawMode":0,"name":"Shaded","section":"Shading Mode"},"sceneLighting":true,"audioPlay":false,"sceneViewState":{"showFog":true,"showMaterialUpdate":false,"showSkybox":true,"showFlares":true,"showImageEffects":true,"showParticleSystems":true},"in2DMode":false,"pivot":{"x":5.935810565948486,"y":2.567457675933838,"z":1.2605156898498536},"rotation":{"x":0.032185327261686328,"y":-0.941203773021698,"z":0.09377928823232651,"w":0.32302048802375796},"size":4.27535343170166,"orthographic":false}