{"cameraMode":{"drawMode":0,"name":"Shaded","section":"Shading Mode"},"sceneLighting":true,"audioPlay":false,"sceneViewState":{"showFog":true,"showMaterialUpdate":false,"showSkybox":true,"showFlares":true,"showImageEffects":true,"showParticleSystems":true},"in2DMode":false,"pivot":{"x":1.9487590789794922,"y":1.2467374801635743,"z":6.059633255004883},"rotation":{"x":-0.034801382571458819,"y":-0.00989606138318777,"z":0.0003456471022218466,"w":-0.9993494153022766},"size":7.427639961242676,"orthographic":false}