{"cameraMode":{"drawMode":0,"name":"Shaded","section":"Shading Mode"},"sceneLighting":false,"audioPlay":false,"sceneViewState":{"showFog":true,"showMaterialUpdate":false,"showSkybox":false,"showFlares":true,"showImageEffects":true,"showParticleSystems":true},"in2DMode":false,"pivot":{"x":2.700000286102295,"y":2.950000047683716,"z":2.384185791015625e-7},"rotation":{"x":-0.06157875806093216,"y":-0.07866998016834259,"z":0.004868913441896439,"w":-0.9949899911880493},"size":4.001188278198242,"orthographic":false}