{"cameraMode":{"drawMode":0,"name":"Shaded","section":"Shading Mode"},"sceneLighting":true,"audioPlay":false,"sceneViewState":{"showFog":true,"showMaterialUpdate":false,"showSkybox":true,"showFlares":true,"showImageEffects":true,"showParticleSystems":true},"in2DMode":false,"pivot":{"x":1.6702008247375489,"y":5.073420524597168,"z":2.256211519241333},"rotation":{"x":-0.059962667524814609,"y":-0.006894343066960573,"z":0.000413055153330788,"w":-0.9981784224510193},"size":8.753105163574219,"orthographic":false}